<BackupInst xmlns="http://www.microsoft.com/GroupPolicy/GPOOperations/Manifest">
  <GPOGuid><![CDATA[{96BB1CBE-E589-4397-B3B8-738257D66897}]]></GPOGuid>
  <GPODomain><![CDATA[contoso.com]]></GPODomain>
  <GPODomainGuid><![CDATA[{970dc492-9663-4ce1-ba13-2ce7e1ef72d7}]]></GPODomainGuid>
  <GPODomainController><![CDATA[SASC-WS08-DC01.sasc.contoso.com]]></GPODomainController>
  <BackupTime>2016-10-27T11:27:31</BackupTime>
  <ID>{f06e4ef3-f9fe-41e0-89cf-b761afc9e4c6}</ID>
  <Comment>The Member Server baseline includes settings that are suitable for all servers running Windows Server 2012 R2 regardless of role. This forms the baseline on which you can layer role-specific settings. This baseline is suitable for midsize and large organizations with typical security needs that want to balance security and functionality.</Comment>
  <GPODisplayName>Copy of WS2012R2 Member Server Security Compliance</GPODisplayName>
</BackupInst>