Machine Name,Policy Target,Subcategory,Subcategory GUID,Inclusion Setting,Exclusion Setting,Setting Value
,System,IPsec Driver,{0CCE9213-69AE-11D9-BED3-505054503030},Success and Failure,,3
,System,Security System Extension,{0CCE9211-69AE-11D9-BED3-505054503030},Success and Failure,,3
,System,Security Group Management,{0CCE9237-69AE-11D9-BED3-505054503030},Success and Failure,,3
,System,Other Account Management Events,{0CCE923A-69AE-11D9-BED3-505054503030},Success and Failure,,3
,System,Security State Change,{0CCE9210-69AE-11D9-BED3-505054503030},Success and Failure,,3
,System,Process Creation,{0CCE922B-69AE-11D9-BED3-505054503030},Success,,1
,System,Other System Events,{0CCE9214-69AE-11D9-BED3-505054503030},Success and Failure,,3
,System,Account Lockout,{0CCE9217-69AE-11D9-BED3-505054503030},Success,,1
,System,Audit Policy Change,{0CCE922F-69AE-11D9-BED3-505054503030},Success and Failure,,3
,System,Special Logon,{0CCE921B-69AE-11D9-BED3-505054503030},Success,,1
,System,User Account Management,{0CCE9235-69AE-11D9-BED3-505054503030},Success and Failure,,3
,System,Credential Validation,{0CCE923F-69AE-11D9-BED3-505054503030},Success and Failure,,3
,System,Logon,{0CCE9215-69AE-11D9-BED3-505054503030},Success and Failure,,3
,System,Computer Account Management,{0CCE9236-69AE-11D9-BED3-505054503030},Success,,1
,System,Sensitive Privilege Use,{0CCE9228-69AE-11D9-BED3-505054503030},Success and Failure,,3
,System,Logoff,{0CCE9216-69AE-11D9-BED3-505054503030},Success,,1
,System,Authentication Policy Change,{0CCE9230-69AE-11D9-BED3-505054503030},Success,,1
,System,System Integrity,{0CCE9212-69AE-11D9-BED3-505054503030},Success and Failure,,3
,System,Audit Credential Validation,{0cce923f-69ae-11d9-bed3-505054503030},Success and Failure,,3
,System,Audit Application Group Management,{0cce9239-69ae-11d9-bed3-505054503030},Success and Failure,,3
,System,Audit Computer Account Management,{0cce9236-69ae-11d9-bed3-505054503030},Success and Failure,,3
,System,Audit Other Account Management Events,{0cce923a-69ae-11d9-bed3-505054503030},Success and Failure,,3
,System,Audit Security Group Management,{0cce9237-69ae-11d9-bed3-505054503030},Success and Failure,,3
,System,Audit User Account Management,{0cce9235-69ae-11d9-bed3-505054503030},Success and Failure,,3
,System,Audit Process Creation,{0cce922b-69ae-11d9-bed3-505054503030},Success,,1
,System,Audit Account Lockout,{0cce9217-69ae-11d9-bed3-505054503030},Success,,1
,System,Audit Logoff,{0cce9216-69ae-11d9-bed3-505054503030},Success,,1
,System,Audit Logon,{0cce9215-69ae-11d9-bed3-505054503030},Success and Failure,,3
,System,Audit Other Logon/Logoff Events,{0cce921c-69ae-11d9-bed3-505054503030},Success and Failure,,3
,System,Audit Special Logon,{0cce921b-69ae-11d9-bed3-505054503030},Success,,1
,System,Audit Removable Storage,{0cce9245-69ae-11d9-bed3-505054503030},Success and Failure,,3
,System,Audit Audit Policy Change,{0cce922f-69ae-11d9-bed3-505054503030},Success and Failure,,3
,System,Audit Authentication Policy Change,{0cce9230-69ae-11d9-bed3-505054503030},Success,,1
,System,Audit Sensitive Privilege Use,{0cce9228-69ae-11d9-bed3-505054503030},Success and Failure,,3
,System,Audit IPsec Driver,{0cce9213-69ae-11d9-bed3-505054503030},Success and Failure,,3
,System,Audit Other System Events,{0cce9214-69ae-11d9-bed3-505054503030},Success and Failure,,3
,System,Audit Security State Change,{0cce9210-69ae-11d9-bed3-505054503030},Success,,1
,System,Audit Security System Extension,{0cce9211-69ae-11d9-bed3-505054503030},Success and Failure,,3
,System,Audit System Integrity,{0cce9212-69ae-11d9-bed3-505054503030},Success and Failure,,3
